{"blur_score":435.7020263671875,"cx":514.5450439453125,"cy":359.0381774902344,"fx":776.7763098054716,"fy":776.7763098054716,"height":768,"manual_keyframe":true,"neighbors":[1460703635347,1460703418572,1460692079595,1460704102253,1460691345896,1460704369041,1460691129121,1460678923009,1460679206486,1460690828970],"t_00":0.17454101145267487,"t_01":-0.4149404466152191,"t_02":0.8929500579833984,"t_03":-0.03626888617873192,"t_10":0.09053748100996017,"t_11":0.9097920060157776,"t_12":0.4050696790218353,"t_13":-0.21099300682544708,"t_20":-0.9804786443710327,"t_21":0.010144180618226528,"t_22":0.1963636875152588,"t_23":-0.09772022068500519,"timestamp":1460703918819,"width":1024}