{"blur_score":654.3402099609375,"cx":514.6114501953125,"cy":358.7410888671875,"fx":776.9976923156707,"fy":776.9976923156707,"height":768,"manual_keyframe":true,"neighbors":[1460700400410,1460700717232,1460687427269,1460701017384,1460687694067,1460688044242,1460688327720,1460701267506,1460699366563,1460688794618],"t_00":-0.9899361729621887,"t_01":0.10563052445650101,"t_02":-0.09417325258255005,"t_03":-1.3837748765945435,"t_10":0.06888118386268616,"t_11":0.9409767985343933,"t_12":0.3313881456851959,"t_13":-0.13312561810016632,"t_20":0.12361954152584076,"t_21":0.3215663433074951,"t_22":-0.9387828707695007,"t_23":-1.72787344455719,"timestamp":1460700183635,"width":1024}