{"blur_score":569.709716796875,"cx":513.6055908203125,"cy":358.8097229003906,"fx":776.1924042817404,"fy":776.1924042817404,"height":768,"manual_keyframe":true,"neighbors":[1460680590519,1460704752562,1460680840647,1460692379745,1460704585815,1460680340395,1460679990217,1460679756767,1460704969337,1460679590014],"t_00":0.7908490300178528,"t_01":-0.23444414138793945,"t_02":0.5653262138366699,"t_03":-0.2709082067012787,"t_10":0.014267661608755589,"t_11":0.9305302500724792,"t_12":0.3659370243549347,"t_13":-0.11346834897994995,"t_20":-0.6118449568748474,"t_21":-0.2813350558280945,"t_22":0.7392539381980896,"t_23":0.43810734152793884,"timestamp":1460705152761,"width":1024}