{"blur_score":511.37799072265625,"cx":513.3060302734375,"cy":358.70068359375,"fx":776.0069018476153,"fy":776.0069018476153,"height":768,"manual_keyframe":true,"neighbors":[1460694130619,1460694430768,1460682224672,1460682474795,1460695247842,1460681874505,1460693797118,1460695414595,1460694964369,1460682758270],"t_00":0.9399608969688416,"t_01":0.10324542224407196,"t_02":-0.3252904713153839,"t_03":-1.1248259544372559,"t_10":-0.023287199437618256,"t_11":0.970323920249939,"t_12":0.24068473279476166,"t_13":-0.2729248106479645,"t_20":0.3404867351055145,"t_21":-0.21865913271903992,"t_22":0.9144708514213562,"t_23":0.8306450247764587,"timestamp":1460694680898,"width":1024}