{"blur_score":332.9239196777344,"cx":513.9008178710938,"cy":360.6709899902344,"fx":775.7328586135179,"fy":775.7328586135179,"height":768,"manual_keyframe":true,"neighbors":[1460682474795,1460683341894,1460683642043,1460682758270,1460682224672,1460684192317,1460683942192,1460684409090,1460695247842,1460695414595],"t_00":0.7261050343513489,"t_01":0.3379559814929962,"t_02":-0.5987964868545532,"t_03":-1.7581336498260498,"t_10":0.055198777467012405,"t_11":0.8394088745117188,"t_12":0.5406901240348816,"t_13":0.21971933543682098,"t_20":0.6853645443916321,"t_21":-0.4256506860256195,"t_22":0.5908442735671997,"t_23":0.3427368104457855,"timestamp":1460683075094,"width":1024}