{"blur_score":801.5062866210938,"cx":513.5097045898438,"cy":358.95452880859375,"fx":777.2965709085474,"fy":777.2965709085474,"height":768,"manual_keyframe":true,"neighbors":[1460702067904,1460702318027,1460701517628,1460701267506,1460689028067,1460688794618,1460689978546,1460690362070,1460701017384,1460690128621],"t_00":-0.6853576302528381,"t_01":-0.21533960103988647,"t_02":0.6956390738487244,"t_03":-0.4971579313278198,"t_10":0.07915111631155014,"t_11":0.927588701248169,"t_12":0.36512237787246704,"t_13":-0.06857575476169586,"t_20":-0.7238922715187073,"t_21":0.3053000271320343,"t_22":-0.6186856031417847,"t_23":-1.4225744009017944,"timestamp":1460701801102,"width":1024}