{"blur_score":463.2894592285156,"cx":514.1353759765625,"cy":358.7212219238281,"fx":776.2892438748182,"fy":776.2892438748182,"height":768,"manual_keyframe":true,"neighbors":[1460679590014,1460679756767,1460705152761,1460692379745,1460692079595,1460680340395,1460679990217,1460704585815,1460691846145,1460704969337],"t_00":0.6680057048797607,"t_01":-0.28066784143447876,"t_02":0.6891980171203613,"t_03":-0.16449975967407227,"t_10":0.0029141732957214117,"t_11":0.9271265864372253,"t_12":0.3747369349002838,"t_13":-0.16310544312000275,"t_20":-0.7441504001617432,"t_21":-0.24831797182559967,"t_22":0.6201437711715698,"t_23":0.2914814054965973,"timestamp":1460704752562,"width":1024}