{"blur_score":372.49053955078125,"cx":513.72216796875,"cy":360.759033203125,"fx":775.1545669792405,"fy":775.1545669792405,"height":768,"manual_keyframe":true,"neighbors":[1460678439437,1460678189303,1460678639531,1460677138767,1460689728419,1460677855798,1460689978546,1460690828970,1460678923009,1460690628870],"t_00":-0.2815318703651428,"t_01":-0.4738052785396576,"t_02":0.8344149589538574,"t_03":0.1702461987733841,"t_10":0.11516331136226654,"t_11":0.8466184139251709,"t_12":0.5195908546447754,"t_13":0.25712916254997253,"t_20":-0.9526159763336182,"t_21":0.24237538874149323,"t_22":-0.183785080909729,"t_23":-0.7928184270858765,"timestamp":1460677538967,"width":1024}