{"blur_score":520.64892578125,"cx":514.095703125,"cy":358.7904357910156,"fx":776.7625191639873,"fy":776.7625191639873,"height":768,"manual_keyframe":true,"neighbors":[1460701017384,1460701267506,1460687694067,1460700400410,1460700183635,1460687427269,1460701517628,1460688044242,1460688327720,1460688794618],"t_00":-0.9716871380805969,"t_01":-0.005568140652030706,"t_02":0.23620569705963135,"t_03":-1.0835609436035156,"t_10":0.07446092367172241,"t_11":0.9415614604949951,"t_12":0.32850804924964905,"t_13":-0.1241706982254982,"t_20":-0.22423136234283447,"t_21":0.3367951214313507,"t_22":-0.9144885540008545,"t_23":-1.7912719249725342,"timestamp":1460700717232,"width":1024}