{"blur_score":753.0399780273438,"cx":513.495361328125,"cy":358.5991516113281,"fx":776.532776840145,"fy":776.532776840145,"height":768,"manual_keyframe":true,"neighbors":[1460692379745,1460691345896,1460704102253,1460691846145,1460703918819,1460704752562,1460703635347,1460679206486,1460691129121,1460679590014],"t_00":0.4776718318462372,"t_01":-0.23585784435272217,"t_02":0.846286416053772,"t_03":-0.05652254819869995,"t_10":0.07349831610918045,"t_11":0.9706405997276306,"t_12":0.22903017699718475,"t_13":-0.26824629306793213,"t_20":-0.8754585385322571,"t_21":-0.04720063880085945,"t_22":0.48098284006118774,"t_23":0.12178803235292435,"timestamp":1460692079595,"width":1024}