{"blur_score":239.022705078125,"cx":513.9129028320313,"cy":358.7318115234375,"fx":776.5576732194615,"fy":776.5576732194615,"height":768,"manual_keyframe":true,"neighbors":[1460697665716,1460697132116,1460696865321,1460697915841,1460698182637,1460696565168,1460683942192,1460696298365,1460684742594,1460683642043],"t_00":0.08176961541175842,"t_01":0.28484275937080383,"t_02":-0.9550802707672119,"t_03":-2.0363423824310303,"t_10":0.06276559829711914,"t_11":0.9549154043197632,"t_12":0.29016730189323425,"t_13":-0.22489041090011597,"t_20":0.9946728944778442,"t_21":-0.08367305248975754,"t_22":0.06020474061369896,"t_23":-0.35824984312057495,"timestamp":1460697415592,"width":1024}