{"blur_score":563.2153930664063,"cx":515.0804443359375,"cy":360.5632629394531,"fx":775.2127805720548,"fy":775.2127805720548,"height":768,"manual_keyframe":true,"neighbors":[1460688327720,1460688794618,1460688044242,1460687427269,1460689028067,1460700717232,1460689328220,1460701017384,1460700400410,1460701267506],"t_00":-0.9875467419624329,"t_01":0.05087222903966904,"t_02":0.14887389540672302,"t_03":-0.91342693567276,"t_10":0.1168571189045906,"t_11":0.8707639575004578,"t_12":0.4776134192943573,"t_13":0.34004223346710205,"t_20":-0.1053367555141449,"t_21":0.4890625774860382,"t_22":-0.8658648729324341,"t_23":-1.9087597131729126,"timestamp":1460687694067,"width":1024}