{"blur_score":425.9878234863281,"cx":514.5743408203125,"cy":359.552490234375,"fx":774.9609488136225,"fy":774.9609488136225,"height":768,"manual_keyframe":true,"neighbors":[1460677855798,1460678189303,1460679206486,1460678439437,1460677538967,1460678923009,1460677138767,1460679590014,1460679756767,1460690628870],"t_00":0.051078155636787415,"t_01":-0.537030041217804,"t_02":0.8420153260231018,"t_03":0.18247175216674805,"t_10":0.10640069842338562,"t_11":0.8412434458732605,"t_12":0.5300832986831665,"t_13":0.20645083487033844,"t_20":-0.9930105209350586,"t_21":0.06251534074544907,"t_22":0.1001095324754715,"t_23":-0.3817945718765259,"timestamp":1460678639531,"width":1024}