{"blur_score":541.2163696289063,"cx":514.115234375,"cy":358.8323669433594,"fx":777.5261911913145,"fy":777.5261911913145,"height":768,"manual_keyframe":true,"neighbors":[1460699066416,1460698816293,1460700183635,1460685793118,1460698499462,1460700400410,1460686159967,1460685476292,1460687427269,1460700717232],"t_00":-0.8255485892295837,"t_01":0.23494204878807068,"t_02":-0.5131001472473145,"t_03":-1.8180235624313354,"t_10":0.07461702823638916,"t_11":0.9466791749000549,"t_12":0.313417911529541,"t_13":-0.15507599711418152,"t_20":0.5593762993812561,"t_21":0.22045572102069855,"t_22":-0.7990603446960449,"t_23":-1.4629839658737183,"timestamp":1460699366563,"width":1024}