{"blur_score":355.8841857910156,"cx":513.6021118164063,"cy":358.4812316894531,"fx":776.7457995367009,"fy":776.7457995367009,"height":768,"manual_keyframe":true,"neighbors":[1460701017384,1460700717232,1460701517628,1460702067904,1460701801102,1460688044242,1460688327720,1460687694067,1460689028067,1460688794618],"t_00":-0.8697600364685059,"t_01":-0.1358395516872406,"t_02":0.4744102954864502,"t_03":-0.7603945136070251,"t_10":0.04814014583826065,"t_11":0.9334248900413513,"t_12":0.35552850365638733,"t_13":-0.11236163228750229,"t_20":-0.49112120270729065,"t_21":0.33206266164779663,"t_22":-0.8053163290023804,"t_23":-1.6117665767669678,"timestamp":1460701267506,"width":1024}