{"blur_score":560.02783203125,"cx":514.7276000976563,"cy":360.685302734375,"fx":774.6869055795252,"fy":774.6869055795252,"height":768,"manual_keyframe":true,"neighbors":[1460688327720,1460688044242,1460689728419,1460689494968,1460689328220,1460688794618,1460689978546,1460687694067,1460690128621,1460687427269],"t_00":-0.8081381916999817,"t_01":-0.19512617588043213,"t_02":0.5557323098182678,"t_03":-0.19815385341644287,"t_10":0.14879852533340454,"t_11":0.8452876210212708,"t_12":0.5131742358207703,"t_13":0.4199957847595215,"t_20":-0.5698873996734619,"t_21":0.49740785360336304,"t_22":-0.6540747880935669,"t_23":-1.6935181617736816,"timestamp":1460689028067,"width":1024}