{"blur_score":483.87420654296875,"cx":514.7880859375,"cy":359.4485778808594,"fx":775.1241787515451,"fy":775.1241787515451,"height":768,"manual_keyframe":true,"neighbors":[1460679590014,1460680590519,1460680340395,1460679756767,1460680840647,1460679206486,1460704585815,1460704969337,1460704752562,1460678923009],"t_00":0.6292945146560669,"t_01":-0.4350634813308716,"t_02":0.6439783573150635,"t_03":-0.11904209852218628,"t_10":0.09004659205675125,"t_11":0.8638595938682556,"t_12":0.4956190288066864,"t_13":0.1696607917547226,"t_20":-0.7719326615333557,"t_21":-0.25390228629112244,"t_22":0.5827981233596802,"t_23":0.3218240737915039,"timestamp":1460679990217,"width":1024}