{"blur_score":526.453857421875,"cx":513.8854370117188,"cy":360.01513671875,"fx":774.662070220746,"fy":774.662070220746,"height":768,"manual_keyframe":true,"neighbors":[1460689494968,1460689728419,1460689328220,1460689978546,1460690362070,1460690628870,1460689028067,1460677538967,1460690828970,1460677138767],"t_00":-0.40280526876449585,"t_01":-0.3456220030784607,"t_02":0.8475219011306763,"t_03":0.1866835504770279,"t_10":0.07603747397661209,"t_11":0.9101274609565735,"t_12":0.40729138255119324,"t_13":0.26145583391189575,"t_20":-0.9121218323707581,"t_21":0.2285025417804718,"t_22":-0.34032392501831055,"t_23":-1.0598483085632324,"timestamp":1460690128621,"width":1024}