{"blur_score":716.060546875,"cx":514.2968139648438,"cy":359.2056884765625,"fx":775.486701765077,"fy":775.486701765077,"height":768,"manual_keyframe":true,"neighbors":[1460692079595,1460691846145,1460704102253,1460691129121,1460679206486,1460678923009,1460690828970,1460703918819,1460678439437,1460678189303],"t_00":0.25488021969795227,"t_01":-0.3210698962211609,"t_02":0.9121130108833313,"t_03":0.09473665058612823,"t_10":0.05594199523329735,"t_11":0.9465828537940979,"t_12":0.31757113337516785,"t_13":-0.15308308601379395,"t_20":-0.9653530716896057,"t_21":-0.029917174950242043,"t_22":0.259226530790329,"t_23":-0.24414491653442383,"timestamp":1460691345896,"width":1024}