{"blur_score":483.8963928222656,"cx":514.6599731445313,"cy":360.24639892578125,"fx":775.2514065723183,"fy":775.2514065723183,"height":768,"manual_keyframe":true,"neighbors":[1460677855798,1460678189303,1460678439437,1460679206486,1460678639531,1460679590014,1460679756767,1460677538967,1460691345896,1460691129121],"t_00":0.15527288615703583,"t_01":-0.5094489455223083,"t_02":0.8463758826255798,"t_03":0.11302462965250015,"t_10":0.10984764248132706,"t_11":0.8603578209877014,"t_12":0.4977126717567444,"t_13":0.20882099866867065,"t_20":-0.9817453026771545,"t_21":0.015691105276346207,"t_22":0.18955200910568237,"t_23":-0.25930705666542053,"timestamp":1460678923009,"width":1024}