{"blur_score":296.732421875,"cx":514.7483520507813,"cy":361.8982849121094,"fx":775.5476002615429,"fy":775.5476002615429,"height":768,"manual_keyframe":true,"neighbors":[1460686159967,1460685793118,1460685042741,1460684742594,1460684409090,1460684192317,1460683942192,1460683642043,1460699066416,1460699366563],"t_00":-0.4479668438434601,"t_01":0.5663778781890869,"t_02":-0.691767156124115,"t_03":-2.1318137645721436,"t_10":0.08523666858673096,"t_11":0.7972763776779175,"t_12":0.5975659489631653,"t_13":0.29482653737068176,"t_20":0.889977753162384,"t_21":0.20872579514980316,"t_22":-0.40542957186698914,"t_23":-1.0439924001693726,"timestamp":1460685476292,"width":1024}