{"blur_score":606.0008544921875,"cx":514.4471435546875,"cy":359.0506286621094,"fx":777.3159754394856,"fy":777.3159754394856,"height":768,"manual_keyframe":true,"neighbors":[1460703418572,1460702801597,1460703635347,1460690362070,1460690628870,1460704102253,1460702584824,1460703918819,1460691345896,1460690828970],"t_00":-0.15049222111701965,"t_01":-0.3856779932975769,"t_02":0.9102771878242493,"t_03":-0.08208159357309341,"t_10":0.0829998105764389,"t_11":0.9125837683677673,"t_12":0.4003772437572479,"t_13":-0.12908755242824554,"t_20":-0.9851208925247192,"t_21":0.13580650091171265,"t_22":-0.10532554984092712,"t_23":-0.6137415170669556,"timestamp":1460703135099,"width":1024}