{"blur_score":478.2193908691406,"cx":514.5713500976563,"cy":359.6025390625,"fx":776.4331913228776,"fy":776.4331913228776,"height":768,"manual_keyframe":true,"neighbors":[1460681390936,1460681107445,1460682474795,1460681641045,1460682224672,1460694430768,1460694130619,1460682758270,1460694680898,1460693797118],"t_00":0.9816284775733948,"t_01":0.03480496257543564,"t_02":-0.18760107457637787,"t_03":-1.0816463232040405,"t_10":0.06505909562110901,"t_11":0.8632431626319885,"t_12":0.5005781650543213,"t_13":0.17391954362392426,"t_20":0.17936795949935913,"t_21":-0.5035869479179382,"t_22":0.8451197147369385,"t_23":0.5819238424301147,"timestamp":1460681874505,"width":1024}