{"blur_score":468.2391052246094,"cx":514.7396240234375,"cy":358.7347106933594,"fx":776.1507882751372,"fy":776.1507882751372,"height":768,"manual_keyframe":true,"neighbors":[1460691345896,1460692079595,1460692379745,1460691129121,1460704752562,1460704585815,1460679206486,1460703635347,1460679590014,1460678923009],"t_00":0.39791083335876465,"t_01":-0.26356571912765503,"t_02":0.8787491321563721,"t_03":-0.004589689429849386,"t_10":0.061182573437690735,"t_11":0.9633352756500244,"t_12":0.2612314820289612,"t_13":-0.2517385482788086,"t_20":-0.9153817296028137,"t_21":-0.05018269643187523,"t_22":0.39944714307785034,"t_23":-0.023783473297953606,"timestamp":1460691846145,"width":1024}