{"blur_score":221.89117431640625,"cx":514.0521850585938,"cy":358.5514221191406,"fx":776.2504958334794,"fy":776.2504958334794,"height":768,"manual_keyframe":true,"neighbors":[1460692379745,1460693280197,1460680590519,1460704752562,1460692079595,1460680840647,1460705152761,1460693546993,1460681107445,1460680340395],"t_00":0.8592235445976257,"t_01":-0.14173127710819244,"t_02":0.4915761947631836,"t_03":-0.27989208698272705,"t_10":0.01288796216249466,"t_11":0.9665513038635254,"t_12":0.2561493217945099,"t_13":-0.28922364115715027,"t_20":-0.5114380121231079,"t_21":-0.2137541025876999,"t_22":0.8323102593421936,"t_23":0.4474422037601471,"timestamp":1460692763271,"width":1024}