{"blur_score":556.5953979492188,"cx":514.5535888671875,"cy":359.46905517578125,"fx":775.4506996479276,"fy":775.4506996479276,"height":768,"manual_keyframe":true,"neighbors":[1460679756767,1460680840647,1460679990217,1460679590014,1460680590519,1460681107445,1460704969337,1460704752562,1460705152761,1460704585815],"t_00":0.7677008509635925,"t_01":-0.3330703377723694,"t_02":0.5474482178688049,"t_03":-0.29206109046936035,"t_10":0.051543451845645905,"t_11":0.8836362361907959,"t_12":0.4653281569480896,"t_13":0.1554815173149109,"t_20":-0.6387320756912231,"t_21":-0.32901546359062195,"t_22":0.6955358982086182,"t_23":0.4569791555404663,"timestamp":1460680340395,"width":1024}