{"blur_score":396.211669921875,"cx":514.2762451171875,"cy":360.5184631347656,"fx":775.4700431583284,"fy":775.4700431583284,"height":768,"manual_keyframe":true,"neighbors":[1460686159967,1460685476292,1460685042741,1460684742594,1460699366563,1460684409090,1460684192317,1460699066416,1460683942192,1460687427269],"t_00":-0.5863575339317322,"t_01":0.48115140199661255,"t_02":-0.6516733765602112,"t_03":-2.0225584506988525,"t_10":0.07330159097909927,"t_11":0.8326985239982605,"t_12":0.54885333776474,"t_13":0.2590038776397705,"t_20":0.8067290186882019,"t_21":0.2740556299686432,"t_22":-0.5235282182693481,"t_23":-1.2345900535583496,"timestamp":1460685793118,"width":1024}