{"blur_score":814.677978515625,"cx":514.2503051757813,"cy":358.76239013671875,"fx":776.2283453783521,"fy":776.2283453783521,"height":768,"manual_keyframe":true,"neighbors":[1460696565168,1460696064916,1460696865321,1460695748094,1460697132116,1460683642043,1460695414595,1460683942192,1460695247842,1460682758270],"t_00":0.6124319434165955,"t_01":0.2086629867553711,"t_02":-0.7624872922897339,"t_03":-1.8339115381240845,"t_10":0.05572051182389259,"t_11":0.9507415294647217,"t_12":0.3049356937408447,"t_13":-0.2730512320995331,"t_20":0.7885571122169495,"t_21":-0.22923853993415833,"t_22":0.5706377029418945,"t_23":0.2759059965610504,"timestamp":1460696298365,"width":1024}