{"blur_score":313.40313720703125,"cx":513.7501220703125,"cy":358.5661926269531,"fx":776.8482530192325,"fy":776.8482530192325,"height":768,"manual_keyframe":true,"neighbors":[1460701267506,1460701517628,1460700717232,1460700400410,1460687694067,1460688044242,1460701801102,1460689028067,1460688794618,1460687427269],"t_00":-0.9171168208122253,"t_01":-0.07698788493871689,"t_02":0.3911132216453552,"t_03":-0.8963282108306885,"t_10":0.05450519546866417,"t_11":0.9477365612983704,"t_12":0.31436386704444885,"t_13":-0.13655723631381989,"t_20":-0.3948745131492615,"t_21":0.30962610244750977,"t_22":-0.8649889230728149,"t_23":-1.706304669380188,"timestamp":1460701017384,"width":1024}