{"blur_score":622.2019653320313,"cx":514.2726440429688,"cy":358.7652282714844,"fx":777.0308874880932,"fy":777.0308874880932,"height":768,"manual_keyframe":true,"neighbors":[1460701017384,1460700717232,1460700183635,1460687427269,1460687694067,1460701267506,1460688044242,1460688327720,1460701517628,1460688794618],"t_00":-0.9972749948501587,"t_01":0.0573914460837841,"t_02":0.046354833990335464,"t_03":-1.2561622858047485,"t_10":0.06891056895256042,"t_11":0.949033796787262,"t_12":0.3075486123561859,"t_13":-0.12893074750900269,"t_20":-0.026341645047068596,"t_21":0.30990487337112427,"t_22":-0.9504026174545288,"t_23":-1.7651454210281372,"timestamp":1460700400410,"width":1024}