{"blur_score":414.0052185058594,"cx":513.9450073242188,"cy":359.9823303222656,"fx":775.7025314063601,"fy":775.7025314063601,"height":768,"manual_keyframe":true,"neighbors":[1460681641045,1460681874505,1460681390936,1460680590519,1460680840647,1460693546993,1460693797118,1460680340395,1460682224672,1460694130619],"t_00":0.9719445109367371,"t_01":-0.17256568372249603,"t_02":0.15982778370380402,"t_03":-0.6703516840934753,"t_10":0.07380899041891098,"t_11":0.8689531087875366,"t_12":0.48935946822166443,"t_13":0.15783736109733582,"t_20":-0.22332949936389923,"t_21":-0.4638335406780243,"t_22":0.8573111295700073,"t_23":0.694962739944458,"timestamp":1460681107445,"width":1024}