{"blur_score":755.31494140625,"cx":514.30419921875,"cy":359.8703918457031,"fx":774.9609488136225,"fy":774.9609488136225,"height":768,"manual_keyframe":true,"neighbors":[1460677855798,1460679206486,1460678923009,1460678189303,1460677538967,1460678639531,1460677138767,1460690628870,1460679590014,1460690362070],"t_00":-0.020579753443598747,"t_01":-0.5427132248878479,"t_02":0.8396658897399902,"t_03":0.24079333245754242,"t_10":0.11444474011659622,"t_11":0.8330445885658264,"t_12":0.54123854637146,"t_13":0.20798622071743011,"t_20":-0.9932164549827576,"t_21":0.10723389685153961,"t_22":0.04496682062745094,"t_23":-0.46797409653663635,"timestamp":1460678439437,"width":1024}