{"blur_score":609.4268798828125,"cx":514.3881225585938,"cy":360.9543151855469,"fx":775.6084377374715,"fy":775.6084377374715,"height":768,"manual_keyframe":true,"neighbors":[1460685042741,1460684192317,1460684409090,1460683942192,1460685476292,1460683642043,1460683341894,1460683075094,1460685793118,1460698182637],"t_00":-0.05706585943698883,"t_01":0.5908046364784241,"t_02":-0.8047939538955688,"t_03":-2.1111488342285156,"t_10":0.08259138464927673,"t_11":0.8061381578445435,"t_12":0.585935115814209,"t_13":0.3252878487110138,"t_20":0.9949483275413513,"t_21":-0.03303215652704239,"t_22":-0.09479834139347076,"t_23":-0.564215362071991,"timestamp":1460684742594,"width":1024}