{"blur_score":375.49237060546875,"cx":513.9096069335938,"cy":358.5708312988281,"fx":776.2533027782065,"fy":776.2533027782065,"height":768,"manual_keyframe":true,"neighbors":[1460694430768,1460694130619,1460694680898,1460681641045,1460681390936,1460681874505,1460681107445,1460693546993,1460682224672,1460693280197],"t_00":0.9982091784477234,"t_01":-0.03938182443380356,"t_02":0.045027956366539,"t_03":-0.7067574858665466,"t_10":0.027324289083480835,"t_11":0.969782292842865,"t_12":0.24243691563606262,"t_13":-0.2913571894168854,"t_20":-0.05321492254734039,"t_21":-0.24077239632606506,"t_22":0.9691216945648193,"t_23":0.8773490786552429,"timestamp":1460693797118,"width":1024}