{"blur_score":472.11029052734375,"cx":514.6333618164063,"cy":358.64044189453125,"fx":777.0779343225374,"fy":777.0779343225374,"height":768,"manual_keyframe":true,"neighbors":[1460697415592,1460697915841,1460697132116,1460698182637,1460696865321,1460684742594,1460696565168,1460698499462,1460696298365,1460683942192],"t_00":-0.011126925237476826,"t_01":0.27648723125457764,"t_02":-0.9609531760215759,"t_03":-2.0549979209899902,"t_10":0.05220840126276016,"t_11":0.9598625302314758,"t_12":0.2755689024925232,"t_13":-0.2010306566953659,"t_20":0.9985741972923279,"t_21":-0.04710359498858452,"t_22":-0.025115273892879486,"t_23":-0.5148051977157593,"timestamp":1460697665716,"width":1024}