{"blur_score":384.0104064941406,"cx":514.77099609375,"cy":359.88006591796875,"fx":774.7339524139694,"fy":774.7339524139694,"height":768,"manual_keyframe":true,"neighbors":[1460688044242,1460688327720,1460689494968,1460689328220,1460687694067,1460689728419,1460689028067,1460687427269,1460689978546,1460690128621],"t_00":-0.8548350930213928,"t_01":-0.20348727703094482,"t_02":0.47733622789382935,"t_03":-0.31819698214530945,"t_10":0.09072840213775635,"t_11":0.8471167683601379,"t_12":0.5236043334007263,"t_13":0.41237956285476685,"t_20":-0.5109063386917114,"t_21":0.4909033179283142,"t_22":-0.7056831121444702,"t_23":-1.7761090993881226,"timestamp":1460688794618,"width":1024}