{"blur_score":572.64453125,"cx":514.13525390625,"cy":358.6309814453125,"fx":776.2809450817126,"fy":776.2809450817126,"height":768,"manual_keyframe":true,"neighbors":[1460696565168,1460696298365,1460695748094,1460696865321,1460695414595,1460695247842,1460682758270,1460682474795,1460683642043,1460697132116],"t_00":0.6812495589256287,"t_01":0.2078268676996231,"t_02":-0.7019309401512146,"t_03":-1.7656019926071167,"t_10":0.02574784867465496,"t_11":0.9514591693878174,"t_12":0.3066961169242859,"t_13":-0.2619645893573761,"t_20":0.7315983176231384,"t_21":-0.22700980305671692,"t_22":0.6428300142288208,"t_23":0.3649933636188507,"timestamp":1460696064916,"width":1024}