{"blur_score":475.08770751953125,"cx":514.185546875,"cy":360.5793151855469,"fx":775.4894476892664,"fy":775.4894476892664,"height":768,"manual_keyframe":true,"neighbors":[1460683942192,1460684192317,1460682758270,1460683075094,1460684409090,1460683341894,1460682474795,1460684742594,1460682224672,1460685042741],"t_00":0.49356821179389954,"t_01":0.44908133149147034,"t_02":-0.7447928190231323,"t_03":-1.9444198608398438,"t_10":0.05688970535993576,"t_11":0.837867021560669,"t_12":0.5429018139839172,"t_13":0.2644830048084259,"t_20":0.8678444623947144,"t_21":-0.3103301525115967,"t_22":0.3879964351654053,"t_23":0.05875631421804428,"timestamp":1460683642043,"width":1024}