{"blur_score":332.4273376464844,"cx":514.412109375,"cy":359.6338806152344,"fx":775.4922546339933,"fy":775.4922546339933,"height":768,"manual_keyframe":true,"neighbors":[1460681107445,1460680840647,1460679990217,1460681390936,1460679756767,1460680340395,1460705152761,1460681641045,1460679590014,1460704969337],"t_00":0.8379905223846436,"t_01":-0.3095719814300537,"t_02":0.44937410950660706,"t_03":-0.40042659640312195,"t_10":0.06934968382120132,"t_11":0.8772448301315308,"t_12":0.47500747442245483,"t_13":0.16065189242362976,"t_20":-0.5412601232528687,"t_21":-0.36688780784606934,"t_22":0.7565915584564209,"t_23":0.5333417654037476,"timestamp":1460680590519,"width":1024}