{"blur_score":400.3291015625,"cx":514.566162109375,"cy":361.0738525390625,"fx":775.5503461857322,"fy":775.5503461857322,"height":768,"manual_keyframe":true,"neighbors":[1460685042741,1460684742594,1460684192317,1460683942192,1460683642043,1460683341894,1460683075094,1460685476292,1460682758270,1460682474795],"t_00":0.09408213943243027,"t_01":0.5874910354614258,"t_02":-0.8037430047988892,"t_03":-2.120708465576172,"t_10":0.08664567768573761,"t_11":0.7994287014007568,"t_12":0.5944798588752747,"t_13":0.30334046483039856,"t_20":0.9917868375778198,"t_21":-0.12557078897953033,"t_22":0.024308402091264725,"t_23":-0.36440858244895935,"timestamp":1460684409090,"width":1024}