{"blur_score":419.00244140625,"cx":514.8845825195313,"cy":358.9034729003906,"fx":775.1297316204611,"fy":775.1297316204611,"height":768,"manual_keyframe":true,"neighbors":[1460690828970,1460691345896,1460690628870,1460678189303,1460691846145,1460677855798,1460678923009,1460679206486,1460678439437,1460678639531],"t_00":0.13758490979671478,"t_01":-0.37935224175453186,"t_02":0.9149656891822815,"t_03":0.17044611275196075,"t_10":0.04898146167397499,"t_11":0.9252262115478516,"t_12":0.37624090909957886,"t_13":-0.06619884073734283,"t_20":-0.9892781376838684,"t_21":-0.006948714144527912,"t_22":0.145878404378891,"t_23":-0.3705425262451172,"timestamp":1460691129121,"width":1024}