{"blur_score":486.3134460449219,"cx":514.63037109375,"cy":359.463623046875,"fx":775.7412794476986,"fy":775.7412794476986,"height":768,"manual_keyframe":true,"neighbors":[1460681874505,1460681641045,1460681107445,1460680840647,1460682224672,1460680590519,1460693797118,1460682474795,1460694130619,1460694430768],"t_00":0.9935389161109924,"t_01":-0.110026054084301,"t_02":0.027834123000502586,"t_03":-0.8292524814605713,"t_10":0.08231166750192642,"t_11":0.8674190044403076,"t_12":0.49072304368019104,"t_13":0.14278823137283325,"t_20":-0.07813616842031479,"t_21":-0.48526135087013245,"t_22":0.8708709478378296,"t_23":0.6859233975410461,"timestamp":1460681390936,"width":1024}