{"blur_score":596.8770751953125,"cx":514.7055053710938,"cy":358.5918884277344,"fx":777.0142288813446,"fy":777.0142288813446,"height":768,"manual_keyframe":true,"neighbors":[1460697915841,1460698499462,1460697665716,1460684742594,1460685042741,1460698816293,1460697415592,1460699066416,1460684409090,1460697132116],"t_00":-0.334133118391037,"t_01":0.3127131462097168,"t_02":-0.8891375660896301,"t_03":-2.094149112701416,"t_10":0.08054301887750626,"t_11":0.9493787884712219,"t_12":0.30363258719444275,"t_13":-0.12620961666107178,"t_20":0.9390782117843628,"t_21":0.029839877039194107,"t_22":-0.3424057364463806,"t_23":-0.8118574023246765,"timestamp":1460698182637,"width":1024}