{"blur_score":619.7776489257813,"cx":514.1116943359375,"cy":360.8030700683594,"fx":774.9774853792961,"fy":774.9774853792961,"height":768,"manual_keyframe":true,"neighbors":[1460679206486,1460678923009,1460678639531,1460678439437,1460677855798,1460677138767,1460677538967,1460691129121,1460690362070,1460690628870],"t_00":-0.04935438930988312,"t_01":-0.5223517417907715,"t_02":0.8513006567955017,"t_03":0.2645074725151062,"t_10":0.08321225643157959,"t_11":0.8472256064414978,"t_12":0.5246756076812744,"t_13":0.2159675806760788,"t_20":-0.9953089356422424,"t_21":0.0967336893081665,"t_22":0.0016517643816769123,"t_23":-0.5720245838165283,"timestamp":1460678189303,"width":1024}