{"blur_score":566.2369995117188,"cx":514.6641845703125,"cy":360.2955017089844,"fx":775.2127805720548,"fy":775.2127805720548,"height":768,"manual_keyframe":true,"neighbors":[1460680340395,1460679990217,1460680590519,1460679206486,1460679590014,1460678923009,1460704752562,1460704585815,1460704969337,1460705152761],"t_00":0.545744776725769,"t_01":-0.4688913822174072,"t_02":0.6944807171821594,"t_03":-0.026638953015208244,"t_10":0.09220479428768158,"t_11":0.8573542237281799,"t_12":0.506401002407074,"t_13":0.17819195985794067,"t_20":-0.8328630924224854,"t_21":-0.21233126521110535,"t_22":0.5111306309700012,"t_23":0.20618636906147003,"timestamp":1460679756767,"width":1024}