{"blur_score":347.4270324707031,"cx":514.4495849609375,"cy":358.6934509277344,"fx":776.5244170265016,"fy":776.5244170265016,"height":768,"manual_keyframe":true,"neighbors":[1460697132116,1460696565168,1460696298365,1460697415592,1460696064916,1460683942192,1460697665716,1460683642043,1460695748094,1460697915841],"t_00":0.3774828612804413,"t_01":0.2621837854385376,"t_02":-0.8881251811981201,"t_03":-2.0052990913391113,"t_10":0.09348303079605103,"t_11":0.943392276763916,"t_12":0.31823259592056274,"t_13":-0.2516268789768219,"t_20":0.92128586769104,"t_21":-0.20315198600292206,"t_22":0.33160465955734253,"t_23":0.02832704782485962,"timestamp":1460696865321,"width":1024}