{"blur_score":749.1524047851563,"cx":515.5303955078125,"cy":359.500732421875,"fx":775.5144050891206,"fy":775.5144050891206,"height":768,"manual_keyframe":true,"neighbors":[1460688044242,1460688327720,1460687694067,1460688794618,1460689028067,1460700400410,1460700717232,1460700183635,1460701017384,1460701267506],"t_00":-0.9947103261947632,"t_01":0.10012584179639816,"t_02":0.02293914183974266,"t_03":-1.0756876468658447,"t_10":0.09881717711687088,"t_11":0.8717786073684692,"t_12":0.4798303544521332,"t_13":0.3359213173389435,"t_20":0.028045564889907837,"t_21":0.4795590043067932,"t_22":-0.8770613670349121,"t_23":-1.8763822317123413,"timestamp":1460687427269,"width":1024}