{"blur_score":179.33102416992188,"cx":515.0043334960938,"cy":358.7702331542969,"fx":776.2642864749638,"fy":776.2642864749638,"height":768,"manual_keyframe":true,"neighbors":[1460703918819,1460704102253,1460692379745,1460704752562,1460692079595,1460691345896,1460691846145,1460703635347,1460679206486,1460691129121],"t_00":0.4706607460975647,"t_01":-0.35281530022621155,"t_02":0.8087025880813599,"t_03":-0.0362912192940712,"t_10":0.07772286236286163,"t_11":0.9295855760574341,"t_12":0.36031901836395264,"t_13":-0.17179793119430542,"t_20":-0.8788843154907227,"t_21":-0.10673333704471588,"t_22":0.46494126319885254,"t_23":0.13256949186325073,"timestamp":1460704369041,"width":1024}