{"blur_score":506.2854919433594,"cx":515.0126342773438,"cy":360.0581970214844,"fx":775.226571213539,"fy":775.226571213539,"height":768,"manual_keyframe":true,"neighbors":[1460688794618,1460689028067,1460687427269,1460688327720,1460687694067,1460689328220,1460689494968,1460689728419,1460701267506,1460701017384],"t_00":-0.9543877840042114,"t_01":-0.04726298525929451,"t_02":0.2948053479194641,"t_03":-0.7093102335929871,"t_10":0.12621000409126282,"t_11":0.8309731483459473,"t_12":0.5418068170547485,"t_13":0.3832215666770935,"t_20":-0.27058273553848267,"t_21":0.5543012022972107,"t_22":-0.7871055603027344,"t_23":-1.9597415924072266,"timestamp":1460688044242,"width":1024}