{"blur_score":438.02386474609375,"cx":512.0879516601563,"cy":358.8963623046875,"fx":775.9461253922242,"fy":775.9461253922242,"height":768,"manual_keyframe":true,"neighbors":[1460682224672,1460694430768,1460682474795,1460682758270,1460694680898,1460694130619,1460695414595,1460695247842,1460683075094,1460681874505],"t_00":0.8968803286552429,"t_01":0.10109642893075943,"t_02":-0.430563747882843,"t_03":-1.2920230627059937,"t_10":0.001360176713205874,"t_11":0.9728891849517822,"t_12":0.2312678098678589,"t_13":-0.2885456681251526,"t_20":0.4422711730003357,"t_21":-0.20800520479679108,"t_22":0.8724277019500732,"t_23":0.7808197140693665,"timestamp":1460694964369,"width":1024}