{"blur_score":563.6836547851563,"cx":513.2786254882813,"cy":358.7848815917969,"fx":776.2145547368677,"fy":776.2145547368677,"height":768,"manual_keyframe":true,"neighbors":[1460679756767,1460680340395,1460704585815,1460679990217,1460680590519,1460679590014,1460704752562,1460705152761,1460680840647,1460692379745],"t_00":0.73948073387146,"t_01":-0.25425660610198975,"t_02":0.6233152151107788,"t_03":-0.22999350726604462,"t_10":0.008431673981249332,"t_11":0.929355263710022,"t_12":0.36909040808677673,"t_13":-0.1373216211795807,"t_20":-0.6731249094009399,"t_21":-0.2676796615123749,"t_22":0.6893841028213501,"t_23":0.3793848156929016,"timestamp":1460704969337,"width":1024}