{"blur_score":400.3879699707031,"cx":514.7130737304688,"cy":358.6777648925781,"fx":776.3030345163024,"fy":776.3030345163024,"height":768,"manual_keyframe":true,"neighbors":[1460679590014,1460679756767,1460704969337,1460679990217,1460705152761,1460704752562,1460680340395,1460692379745,1460691846145,1460680590519],"t_00":0.598228931427002,"t_01":-0.31179001927375793,"t_02":0.7381795644760132,"t_03":-0.0995638445019722,"t_10":0.04255208745598793,"t_11":0.9322591423988342,"t_12":0.3592800498008728,"t_13":-0.1569046676158905,"t_20":-0.8001946210861206,"t_21":-0.18352065980434418,"t_22":0.5709717273712158,"t_23":0.216288760304451,"timestamp":1460704585815,"width":1024}