{"blur_score":341.81988525390625,"cx":514.07470703125,"cy":358.9208068847656,"fx":777.2689286050413,"fy":777.2689286050413,"height":768,"manual_keyframe":true,"neighbors":[1460698182637,1460697915841,1460698816293,1460699066416,1460685042741,1460699366563,1460684742594,1460685476292,1460697665716,1460685793118],"t_00":-0.5000472664833069,"t_01":0.294564425945282,"t_02":-0.8143614530563354,"t_03":-2.0342841148376465,"t_10":0.05202275142073631,"t_11":0.9488925337791443,"t_12":0.31128212809562683,"t_13":-0.14202898740768433,"t_20":0.8644341230392456,"t_21":0.1132904514670372,"t_22":-0.4898151755332947,"t_23":-0.9821349382400513,"timestamp":1460698499462,"width":1024}