{"blur_score":431.67816162109375,"cx":513.948486328125,"cy":360.4757995605469,"fx":775.8990785577801,"fy":775.8990785577801,"height":768,"manual_keyframe":true,"neighbors":[1460683341894,1460683642043,1460683075094,1460682474795,1460682224672,1460695247842,1460683942192,1460695414595,1460684192317,1460681874505],"t_00":0.8050487637519836,"t_01":0.30130207538604736,"t_02":-0.510992705821991,"t_03":-1.6208832263946533,"t_10":0.04934931918978691,"t_11":0.8244022130966187,"t_12":0.5638489723205566,"t_13":0.23808583617210388,"t_20":0.5911523699760437,"t_21":-0.47914308309555054,"t_22":0.6488149166107178,"t_23":0.4705822169780731,"timestamp":1460682758270,"width":1024}