{"blur_score":429.5494689941406,"cx":515.2048950195313,"cy":360.7734680175781,"fx":774.5900049659097,"fy":774.5900049659097,"height":768,"manual_keyframe":true,"neighbors":[1460689028067,1460688794618,1460689978546,1460689728419,1460690128621,1460690362070,1460689328220,1460688327720,1460688044242,1460677538967],"t_00":-0.6375735402107239,"t_01":-0.3350394666194916,"t_02":0.6937207579612732,"t_03":0.048401400446891785,"t_10":0.12144137173891068,"t_11":0.8455129265785217,"t_12":0.5199613571166992,"t_13":0.4098239243030548,"t_20":-0.7607575058937073,"t_21":0.41576001048088074,"t_22":-0.49838903546333313,"t_23":-1.4932889938354492,"timestamp":1460689494968,"width":1024}