{"blur_score":490.1189880371094,"cx":514.9905395507813,"cy":360.9131774902344,"fx":774.6924584484414,"fy":774.6924584484414,"height":768,"manual_keyframe":true,"neighbors":[1460688794618,1460689728419,1460688327720,1460689978546,1460689028067,1460690128621,1460689494968,1460688044242,1460690362070,1460677538967],"t_00":-0.7030068039894104,"t_01":-0.2835206687450409,"t_02":0.6522250175476074,"t_03":-0.033559054136276245,"t_10":0.13673068583011627,"t_11":0.8461070656776428,"t_12":0.5151771903038025,"t_13":0.40129992365837097,"t_20":-0.6979155540466309,"t_21":0.45135223865509033,"t_22":-0.5560530424118042,"t_23":-1.5657095909118652,"timestamp":1460689328220,"width":1024}