{"blur_score":350.5987548828125,"cx":514.707275390625,"cy":359.50177001953125,"fx":774.94984307579,"fy":774.94984307579,"height":768,"manual_keyframe":true,"neighbors":[1460691129121,1460690628870,1460690362070,1460677538967,1460677855798,1460691345896,1460677138767,1460678923009,1460690128621,1460689978546],"t_00":-0.04810549318790436,"t_01":-0.3822389841079712,"t_02":0.9228104948997498,"t_03":0.23211750388145447,"t_10":0.06580524891614914,"t_11":0.920660138130188,"t_12":0.3847786486148834,"t_13":0.04718928411602974,"t_20":-0.9966722130775452,"t_21":0.07923574000597,"t_22":-0.019135478883981705,"t_23":-0.5501594543457031,"timestamp":1460690828970,"width":1024}