{"blur_score":633.8032836914063,"cx":513.1137084960938,"cy":358.453369140625,"fx":775.9682148268141,"fy":775.9682148268141,"height":768,"manual_keyframe":true,"neighbors":[1460694680898,1460694130619,1460682224672,1460694964369,1460681874505,1460693797118,1460695247842,1460682474795,1460681641045,1460695414595],"t_00":0.9700331687927246,"t_01":0.06203199923038483,"t_02":-0.23492057621479034,"t_03":-1.006718397140503,"t_10":-0.002482745563611388,"t_11":0.9693408012390137,"t_12":0.24570772051811218,"t_13":-0.273694783449173,"t_20":0.24295984208583832,"t_21":-0.23776139318943024,"t_22":0.9404467344284058,"t_23":0.8688833713531494,"timestamp":1460694430768,"width":1024}