{"blur_score":470.4832458496094,"cx":514.5374755859375,"cy":359.1197204589844,"fx":776.0097698128798,"fy":776.0097698128798,"height":768,"manual_keyframe":true,"neighbors":[1460681107445,1460681390936,1460682224672,1460681874505,1460680840647,1460682474795,1460693797118,1460694130619,1460694430768,1460694680898],"t_00":0.9968773126602173,"t_01":-0.013684207573533058,"t_02":-0.0777709037065506,"t_03":-0.9705681204795837,"t_10":0.0500018484890461,"t_11":0.8716580867767334,"t_12":0.4875571131706238,"t_13":0.15431810915470123,"t_20":0.061117809265851974,"t_21":-0.4899233281612396,"t_22":0.8696204423904419,"t_23":0.62545245885849,"timestamp":1460681641045,"width":1024}