{"blur_score":565.4276123046875,"cx":513.4940795898438,"cy":360.7710266113281,"fx":775.68044197177,"fy":775.68044197177,"height":768,"manual_keyframe":true,"neighbors":[1460678189303,1460678439437,1460677538967,1460677855798,1460690628870,1460689728419,1460689978546,1460678639531,1460690828970,1460689494968],"t_00":-0.2988518476486206,"t_01":-0.48001828789711,"t_02":0.8247848153114319,"t_03":0.10909676551818848,"t_10":0.10000775754451752,"t_11":0.8437703847885132,"t_12":0.527304470539093,"t_13":0.24504078924655914,"t_20":-0.9490447640419006,"t_21":0.24007079005241394,"t_22":-0.2041567862033844,"t_23":-0.8276787400245667,"timestamp":1460677138767,"width":1024}