{"blur_score":297.2322082519531,"cx":514.6551513671875,"cy":359.093505859375,"fx":777.0612757157885,"fy":777.0612757157885,"height":768,"manual_keyframe":true,"neighbors":[1460703635347,1460703135099,1460703918819,1460691345896,1460704102253,1460690628870,1460702801597,1460690828970,1460691129121,1460678923009],"t_00":0.014778656885027885,"t_01":-0.40399038791656494,"t_02":0.9146438241004944,"t_03":-0.05340190604329109,"t_10":0.07280660420656204,"t_11":0.9127503037452698,"t_12":0.40197765827178955,"t_13":-0.15325576066970825,"t_20":-0.9972365498542786,"t_21":0.060651421546936035,"t_22":0.0429023914039135,"t_23":-0.4264276623725891,"timestamp":1460703418572,"width":1024}