{"blur_score":493.6461486816406,"cx":513.4376831054688,"cy":358.58953857421875,"fx":776.200703074846,"fy":776.200703074846,"height":768,"manual_keyframe":true,"neighbors":[1460680840647,1460693546993,1460681107445,1460692763271,1460693797118,1460681390936,1460694130619,1460681641045,1460680590519,1460694430768],"t_00":0.9594606757164001,"t_01":-0.0989983007311821,"t_02":0.26388365030288696,"t_03":-0.5106719136238098,"t_10":0.03422577306628227,"t_11":0.9702767133712769,"t_12":0.2395656704902649,"t_13":-0.298642098903656,"t_20":-0.2797567546367645,"t_21":-0.22082221508026123,"t_22":0.9343306422233582,"t_23":0.6713725924491882,"timestamp":1460693280197,"width":1024}