{"blur_score":702.5595703125,"cx":514.4044799804688,"cy":358.68304443359375,"fx":777.3048086811154,"fy":777.3048086811154,"height":768,"manual_keyframe":true,"neighbors":[1460698182637,1460697665716,1460698499462,1460697415592,1460697132116,1460684742594,1460685042741,1460696865321,1460684409090,1460696565168],"t_00":-0.14393110573291779,"t_01":0.3143419921398163,"t_02":-0.9383351802825928,"t_03":-2.090686798095703,"t_10":0.08073955774307251,"t_11":0.9487771391868591,"t_12":0.30545541644096375,"t_13":-0.16769641637802124,"t_20":0.9862884879112244,"t_21":-0.031796231865882874,"t_22":-0.1619383841753006,"t_23":-0.6737251877784729,"timestamp":1460697915841,"width":1024}