{"blur_score":311.29022216796875,"cx":514.1778564453125,"cy":359.4537048339844,"fx":776.9755418605433,"fy":776.9755418605433,"height":768,"manual_keyframe":true,"neighbors":[1460703418572,1460703918819,1460704102253,1460703135099,1460692079595,1460690628870,1460691846145,1460691129121,1460691345896,1460690828970],"t_00":0.1127348244190216,"t_01":-0.41119691729545593,"t_02":0.9045484662055969,"t_03":-0.05368123948574066,"t_10":0.06376386433839798,"t_11":0.9114693403244019,"t_12":0.4063960909843445,"t_13":-0.18689504265785217,"t_20":-0.9915770292282104,"t_21":0.011862519197165966,"t_22":0.1289738416671753,"t_23":-0.2721302807331085,"timestamp":1460703635347,"width":1024}