{"blur_score":654.8108520507813,"cx":513.9407348632813,"cy":358.7035217285156,"fx":777.2993168327366,"fy":777.2993168327366,"height":768,"manual_keyframe":true,"neighbors":[1460701801102,1460702318027,1460701517628,1460689028067,1460690362070,1460702584824,1460688794618,1460689328220,1460701267506,1460690128621],"t_00":-0.5698508620262146,"t_01":-0.28178754448890686,"t_02":0.7719234228134155,"t_03":-0.4013548195362091,"t_10":0.049121029675006866,"t_11":0.9260068535804749,"t_12":0.37429729104042053,"t_13":-0.04071643576025963,"t_20":-0.8202787041664124,"t_21":0.2512113153934479,"t_22":-0.5138440728187561,"t_23":-1.3030767440795898,"timestamp":1460702067904,"width":1024}