{"blur_score":575.9873046875,"cx":514.3109741210938,"cy":359.29180908203125,"fx":774.7643406416648,"fy":774.7643406416648,"height":768,"manual_keyframe":true,"neighbors":[1460689978546,1460689728419,1460690628870,1460689494968,1460690128621,1460690828970,1460689328220,1460678439437,1460678189303,1460677138767],"t_00":-0.32801300287246704,"t_01":-0.3615281879901886,"t_02":0.8727570176124573,"t_03":0.21187934279441833,"t_10":0.11357966810464859,"t_11":0.9020771980285645,"t_12":0.41636091470718384,"t_13":0.20279936492443085,"t_20":-0.9378204345703125,"t_21":0.23569925129413605,"t_22":-0.2548307776451111,"t_23":-0.8903090953826904,"timestamp":1460690362070,"width":1024}