{"blur_score":396.2793273925781,"cx":513.16650390625,"cy":360.87274169921875,"fx":776.3721707853365,"fy":776.3721707853365,"height":768,"manual_keyframe":true,"neighbors":[1460683075094,1460682224672,1460682758270,1460683341894,1460683642043,1460681874505,1460695247842,1460695414595,1460694680898,1460681641045],"t_00":0.8664074540138245,"t_01":0.24538694322109222,"t_02":-0.434883177280426,"t_03":-1.4594297409057617,"t_10":0.0404147244989872,"t_11":0.8336020112037659,"t_12":0.5508850812911987,"t_13":0.20948240160942078,"t_20":0.497699499130249,"t_21":-0.49486660957336426,"t_22":0.7123216986656189,"t_23":0.5194196701049805,"timestamp":1460682474795,"width":1024}