{"blur_score":336.007568359375,"cx":513.9922485351563,"cy":360.9368896484375,"fx":776.5493134058186,"fy":776.5493134058186,"height":768,"manual_keyframe":true,"neighbors":[1460682474795,1460682758270,1460683075094,1460694680898,1460683341894,1460681874505,1460694964369,1460694430768,1460681641045,1460683642043],"t_00":0.9261780977249146,"t_01":0.13491803407669067,"t_02":-0.3521239757537842,"t_03":-1.2724982500076294,"t_10":0.0796126052737236,"t_11":0.8427905440330505,"t_12":0.5323213338851929,"t_13":0.17534568905830383,"t_20":0.3685864806175232,"t_21":-0.5210578441619873,"t_22":0.7698329091072083,"t_23":0.5360862016677856,"timestamp":1460682224672,"width":1024}