{"blur_score":457.0486145019531,"cx":512.7938232421875,"cy":358.50689697265625,"fx":776.0206924890996,"fy":776.0206924890996,"height":768,"manual_keyframe":true,"neighbors":[1460682758270,1460695748094,1460682474795,1460695414595,1460694680898,1460683075094,1460682224672,1460694430768,1460696064916,1460694964369],"t_00":0.8466814756393433,"t_01":0.11933133751153946,"t_02":-0.5185465216636658,"t_03":-1.443455696105957,"t_10":0.02674938179552555,"t_11":0.9637504816055298,"t_12":0.26546090841293335,"t_13":-0.26967230439186096,"t_20":0.531427264213562,"t_21":-0.23863163590431213,"t_22":0.8127976059913635,"t_23":0.7285001873970032,"timestamp":1460695247842,"width":1024}