{"blur_score":727.30419921875,"cx":513.9315795898438,"cy":360.60968017578125,"fx":775.2154654757065,"fy":775.2154654757065,"height":768,"manual_keyframe":true,"neighbors":[1460678439437,1460678639531,1460678923009,1460678189303,1460679206486,1460677138767,1460677538967,1460691129121,1460690828970,1460689978546],"t_00":-0.13741625845432281,"t_01":-0.5134789943695068,"t_02":0.8470277786254883,"t_03":0.22076112031936646,"t_10":0.10781879723072052,"t_11":0.8423048257827759,"t_12":0.5281077027320862,"t_13":0.24703282117843628,"t_20":-0.9846277832984924,"t_21":0.1638960987329483,"t_22":-0.06038368493318558,"t_23":-0.7038148641586304,"timestamp":1460677855798,"width":1024}