{"blur_score":552.0189208984375,"cx":514.3681030273438,"cy":360.0858154296875,"fx":775.6416939304314,"fy":775.6416939304314,"height":768,"manual_keyframe":true,"neighbors":[1460685793118,1460685476292,1460685042741,1460687427269,1460684742594,1460687694067,1460699366563,1460688044242,1460699066416,1460688327720],"t_00":-0.7034432291984558,"t_01":0.4562501311302185,"t_02":-0.5449802279472351,"t_03":-1.8878331184387207,"t_10":0.11875296384096146,"t_11":0.8314347863197327,"t_12":0.5427834987640381,"t_13":0.284431129693985,"t_20":0.7007606029510498,"t_21":0.31709933280944824,"t_22":-0.6390482187271118,"t_23":-1.439359426498413,"timestamp":1460686159967,"width":1024}