{"blur_score":337.76123046875,"cx":513.8213500976563,"cy":359.1629333496094,"fx":777.3933494810874,"fy":777.3933494810874,"height":768,"manual_keyframe":true,"neighbors":[1460702067904,1460701801102,1460702584824,1460702801597,1460690362070,1460701517628,1460689328220,1460689494968,1460689028067,1460690628870],"t_00":-0.482057124376297,"t_01":-0.3278349041938782,"t_02":0.8124932050704956,"t_03":-0.32933205366134644,"t_10":0.056258611381053925,"t_11":0.9138595461845398,"t_12":0.40211403369903564,"t_13":-0.06411033123731613,"t_20":-0.8743317127227783,"t_21":0.23955167829990387,"t_22":-0.42208898067474365,"t_23":-1.1567081212997437,"timestamp":1460702318027,"width":1024}