{"blur_score":421.3960876464844,"cx":513.3466186523438,"cy":358.6018981933594,"fx":775.9876193577522,"fy":775.9876193577522,"height":768,"manual_keyframe":true,"neighbors":[1460695748094,1460682758270,1460682474795,1460695247842,1460683075094,1460696064916,1460682224672,1460694680898,1460694964369,1460694430768],"t_00":0.8209868669509888,"t_01":0.1352856606245041,"t_02":-0.5546876192092896,"t_03":-1.514837622642517,"t_10":0.01988452486693859,"t_11":0.9641575217247009,"t_12":0.2645842730998993,"t_13":-0.25765877962112427,"t_20":0.5706007480621338,"t_21":-0.2282499074935913,"t_22":0.7888705730438232,"t_23":0.6717134714126587,"timestamp":1460695414595,"width":1024}