{"blur_score":294.1832275390625,"cx":513.3428344726563,"cy":361.329345703125,"fx":775.4672972341389,"fy":775.4672972341389,"height":768,"manual_keyframe":true,"neighbors":[1460683642043,1460684742594,1460684409090,1460684192317,1460683341894,1460685042741,1460683075094,1460682758270,1460682474795,1460697132116],"t_00":0.3344636559486389,"t_01":0.522064208984375,"t_02":-0.784591019153595,"t_03":-2.0588035583496094,"t_10":0.08122608065605164,"t_11":0.8134704232215881,"t_12":0.5759063959121704,"t_13":0.2821516990661621,"t_20":0.9389016628265381,"t_21":-0.25634899735450745,"t_22":0.22967107594013214,"t_23":-0.11410059779882431,"timestamp":1460683942192,"width":1024}