{"blur_score":217.54046630859375,"cx":513.0919799804688,"cy":359.317138671875,"fx":777.3131684947585,"fy":777.3131684947585,"height":768,"manual_keyframe":true,"neighbors":[1460702801597,1460702318027,1460702067904,1460690362070,1460703135099,1460690628870,1460701801102,1460689978546,1460690128621,1460677138767],"t_00":-0.4019797146320343,"t_01":-0.3802633285522461,"t_02":0.8329538702964783,"t_03":-0.2436365783214569,"t_10":0.046861521899700165,"t_11":0.8999513983726501,"t_12":0.4334644675254822,"t_13":-0.09444881975650787,"t_20":-0.914448618888855,"t_21":0.2132774144411087,"t_22":-0.3439424932003021,"t_23":-0.9693299531936646,"timestamp":1460702584824,"width":1024}