{"blur_score":526.2496948242188,"cx":514.8128662109375,"cy":360.88238525390625,"fx":775.223764268812,"fy":775.223764268812,"height":768,"manual_keyframe":true,"neighbors":[1460678439437,1460678639531,1460678189303,1460678923009,1460677855798,1460679756767,1460679590014,1460679990217,1460691345896,1460691129121],"t_00":0.23789821565151215,"t_01":-0.5243622064590454,"t_02":0.81758713722229,"t_03":0.06684396415948868,"t_10":0.12619224190711975,"t_11":0.8513054251670837,"t_12":0.5092687010765076,"t_13":0.2083646059036255,"t_20":-0.9630575776100159,"t_21":-0.017980962991714478,"t_22":0.2686944901943207,"t_23":-0.12785503268241882,"timestamp":1460679206486,"width":1024}