{"blur_score":471.072509765625,"cx":514.233154296875,"cy":358.60198974609375,"fx":776.532776840145,"fy":776.532776840145,"height":768,"manual_keyframe":true,"neighbors":[1460696865321,1460696565168,1460697415592,1460697665716,1460696298365,1460683942192,1460697915841,1460696064916,1460683642043,1460698182637],"t_00":0.25119471549987793,"t_01":0.28925734758377075,"t_02":-0.9237052798271179,"t_03":-2.0290844440460205,"t_10":0.053299471735954285,"t_11":0.9487220644950867,"t_12":0.3115856945514679,"t_13":-0.2374914586544037,"t_20":0.9664679765701294,"t_21":-0.1275016814470291,"t_22":0.22289671003818512,"t_23":-0.15564629435539246,"timestamp":1460697132116,"width":1024}