{"blur_score":441.5290832519531,"cx":514.522705078125,"cy":358.8086853027344,"fx":776.9839016741864,"fy":776.9839016741864,"height":768,"manual_keyframe":true,"neighbors":[1460702067904,1460701801102,1460701017384,1460701267506,1460702318027,1460688794618,1460688327720,1460700717232,1460689028067,1460689494968],"t_00":-0.8145610094070435,"t_01":-0.16891764104366302,"t_02":0.5549389123916626,"t_03":-0.6465916633605957,"t_10":0.049008045345544815,"t_11":0.9332026243209839,"t_12":0.3559930920600891,"t_13":-0.09312219172716141,"t_20":-0.578004002571106,"t_21":0.3171745538711548,"t_22":-0.7518721222877502,"t_23":-1.5270164012908936,"timestamp":1460701517628,"width":1024}