{"blur_score":371.6060791015625,"cx":513.824951171875,"cy":360.0376892089844,"fx":775.6914866890652,"fy":775.6914866890652,"height":768,"manual_keyframe":true,"neighbors":[1460681390936,1460681641045,1460681107445,1460680590519,1460680340395,1460681874505,1460679990217,1460693546993,1460705152761,1460693280197],"t_00":0.9182724952697754,"t_01":-0.24017654359340668,"t_02":0.3147869408130646,"t_03":-0.5310409069061279,"t_10":0.07074351608753204,"t_11":0.8817465901374817,"t_12":0.4663885533809662,"t_13":0.14878079295158386,"t_20":-0.3895779252052307,"t_21":-0.4060026705265045,"t_22":0.8266745805740356,"t_23":0.6187340617179871,"timestamp":1460680840647,"width":1024}