{"blur_score":575.198486328125,"cx":514.4476318359375,"cy":360.634521484375,"fx":775.4534455721171,"fy":775.4534455721171,"height":768,"manual_keyframe":true,"neighbors":[1460684742594,1460685042741,1460684409090,1460683642043,1460683942192,1460683341894,1460683075094,1460682758270,1460682474795,1460685476292],"t_00":0.18623162806034088,"t_01":0.5757086277008057,"t_02":-0.7961641550064087,"t_03":-2.1139814853668213,"t_10":0.07002799212932587,"t_11":0.8005016446113586,"t_12":0.5952253341674805,"t_13":0.3106600046157837,"t_20":0.9800070524215698,"t_21":-0.16660356521606445,"t_22":0.10876300930976868,"t_23":-0.2409115582704544,"timestamp":1460684192317,"width":1024}