{"blur_score":582.2921752929688,"cx":515.21533203125,"cy":360.20904541015625,"fx":774.9802923240229,"fy":774.9802923240229,"height":768,"manual_keyframe":true,"neighbors":[1460689028067,1460688794618,1460687694067,1460687427269,1460689328220,1460688044242,1460689494968,1460689728419,1460689978546,1460701517628],"t_00":-0.9207025170326233,"t_01":-0.09210098534822464,"t_02":0.3792416751384735,"t_03":-0.5657134652137756,"t_10":0.1392102837562561,"t_11":0.8303224444389343,"t_12":0.5396157503128052,"t_13":0.38967645168304443,"t_20":-0.3645919859409332,"t_21":0.5496199131011963,"t_22":-0.75165855884552,"t_23":-1.9256006479263306,"timestamp":1460688327720,"width":1024}