{"blur_score":464.7237548828125,"cx":514.3448486328125,"cy":360.9212341308594,"fx":775.1573739239675,"fy":775.1573739239675,"height":768,"manual_keyframe":true,"neighbors":[1460679990217,1460680340395,1460679756767,1460678923009,1460679206486,1460704752562,1460704585815,1460680590519,1460704969337,1460678639531],"t_00":0.4982389211654663,"t_01":-0.46437838673591614,"t_02":0.7321957945823669,"t_03":0.008055227808654308,"t_10":0.0915483608841896,"t_11":0.8679333329200745,"t_12":0.48817068338394165,"t_13":0.17400145530700684,"t_20":-0.8621930480003357,"t_21":-0.17619429528713226,"t_22":0.47495126724243164,"t_23":0.10935172438621521,"timestamp":1460679590014,"width":1024}