{"blur_score":650.6128540039063,"cx":514.70263671875,"cy":359.94659423828125,"fx":774.855688386364,"fy":774.855688386364,"height":768,"manual_keyframe":true,"neighbors":[1460690362070,1460690828970,1460689978546,1460691129121,1460677138767,1460690128621,1460678439437,1460677538967,1460689728419,1460678923009],"t_00":-0.1442410796880722,"t_01":-0.3742441236972809,"t_02":0.9160435795783997,"t_03":0.23189429938793182,"t_10":0.0981045588850975,"t_11":0.9157552123069763,"t_12":0.38957396149635315,"t_13":0.10767630487680435,"t_20":-0.9846674799919128,"t_21":0.14606063067913055,"t_22":-0.0953744649887085,"t_23":-0.690440833568573,"timestamp":1460690628870,"width":1024}