{"blur_score":276.07257080078125,"cx":513.291748046875,"cy":358.6248474121094,"fx":776.0319202680071,"fy":776.0319202680071,"height":768,"manual_keyframe":true,"neighbors":[1460694680898,1460694430768,1460693797118,1460681874505,1460681641045,1460694964369,1460682224672,1460681390936,1460693546993,1460681107445],"t_00":0.9956388473510742,"t_01":-0.004274926148355007,"t_02":-0.09319325536489487,"t_03":-0.8514977693557739,"t_10":0.02548389695584774,"t_11":0.9734194874763489,"t_12":0.22760726511478424,"t_13":-0.2926272749900818,"t_20":0.08974312245845795,"t_21":-0.22898957133293152,"t_22":0.9692832231521606,"t_23":0.8947895765304565,"timestamp":1460694130619,"width":1024}