{"blur_score":542.4544067382813,"cx":513.7989501953125,"cy":358.7318420410156,"fx":776.1924042817404,"fy":776.1924042817404,"height":768,"manual_keyframe":true,"neighbors":[1460692079595,1460692763271,1460691846145,1460704752562,1460679756767,1460679590014,1460704102253,1460705152761,1460679990217,1460680340395],"t_00":0.6567021608352661,"t_01":-0.20742115378379822,"t_02":0.7250646352767944,"t_03":-0.1309332400560379,"t_10":0.05152304843068123,"t_11":0.9715262651443481,"t_12":0.23126186430454254,"t_13":-0.2740333080291748,"t_20":-0.7523879408836365,"t_21":-0.1145126223564148,"t_22":0.648690402507782,"t_23":0.2956104278564453,"timestamp":1460692379745,"width":1024}