{"blur_score":557.6488647460938,"cx":515.694091796875,"cy":360.3390808105469,"fx":774.7366983381587,"fy":774.7366983381587,"height":768,"manual_keyframe":true,"neighbors":[1460689028067,1460689328220,1460689494968,1460688794618,1460690362070,1460690128621,1460689978546,1460677538967,1460677138767,1460688327720],"t_00":-0.5605447888374329,"t_01":-0.38054347038269043,"t_02":0.7355108261108398,"t_03":0.12082526832818985,"t_10":0.10031430423259735,"t_11":0.8504223823547363,"t_12":0.5164483189582825,"t_13":0.368442565202713,"t_20":-0.8220258951187134,"t_21":0.3632746636867523,"t_22":-0.43852588534355164,"t_23":-1.3618862628936768,"timestamp":1460689728419,"width":1024}