{"blur_score":384.5372314453125,"cx":513.50439453125,"cy":360.0596618652344,"fx":775.7163220478443,"fy":775.7163220478443,"height":768,"manual_keyframe":true,"neighbors":[1460682758270,1460683075094,1460682474795,1460683642043,1460683942192,1460684192317,1460682224672,1460684409090,1460684742594,1460685042741],"t_00":0.635776162147522,"t_01":0.4064772129058838,"t_02":-0.6561744809150696,"t_03":-1.8557305335998535,"t_10":0.03230387717485428,"t_11":0.8353493809700012,"t_12":0.548769474029541,"t_13":0.24548761546611786,"t_20":0.7711971998214722,"t_21":-0.3700915277004242,"t_22":0.5179644227027893,"t_23":0.19960322976112366,"timestamp":1460683341894,"width":1024}