{"blur_score":528.5049438476563,"cx":514.3438720703125,"cy":358.64385986328125,"fx":777.5152074945572,"fy":777.5152074945572,"height":768,"manual_keyframe":true,"neighbors":[1460698816293,1460699366563,1460698499462,1460685476292,1460698182637,1460685793118,1460700183635,1460686159967,1460697915841,1460700400410],"t_00":-0.709587812423706,"t_01":0.25767844915390015,"t_02":-0.6558101177215576,"t_03":-1.9002004861831665,"t_10":0.06591849029064178,"t_11":0.9509273767471313,"t_12":0.30231085419654846,"t_13":-0.14783132076263428,"t_20":0.7015268206596375,"t_21":0.17128609120845795,"t_22":-0.6917522549629211,"t_23":-1.2921937704086304,"timestamp":1460699066416,"width":1024}