{"blur_score":522.16552734375,"cx":514.3671875,"cy":361.64141845703125,"fx":775.4922546339933,"fy":775.4922546339933,"height":768,"manual_keyframe":true,"neighbors":[1460684742594,1460684409090,1460685476292,1460684192317,1460683942192,1460685793118,1460683642043,1460683341894,1460686159967,1460698499462],"t_00":-0.17202618718147278,"t_01":0.6005734205245972,"t_02":-0.7808447480201721,"t_03":-2.1199254989624023,"t_10":0.12732039391994476,"t_11":0.7995681166648865,"t_12":0.5869244933128357,"t_13":0.3347674310207367,"t_20":0.9768298268318176,"t_21":0.0015489199431613088,"t_22":-0.21401190757751465,"t_23":-0.7528390884399414,"timestamp":1460685042741,"width":1024}