{"blur_score":460.3547058105469,"cx":514.7902221679688,"cy":360.5537414550781,"fx":774.794911930973,"fy":774.794911930973,"height":768,"manual_keyframe":true,"neighbors":[1460689494968,1460689328220,1460690362070,1460689728419,1460689028067,1460690128621,1460690628870,1460677538967,1460677138767,1460688794618],"t_00":-0.4580540359020233,"t_01":-0.3660525977611542,"t_02":0.8100568056106567,"t_03":0.16228435933589935,"t_10":0.07287607342004776,"t_11":0.8927462100982666,"t_12":0.44462716579437256,"t_13":0.2920171022415161,"t_20":-0.8859320282936096,"t_21":0.2626970112323761,"t_22":-0.38224950432777405,"t_23":-1.1798509359359741,"timestamp":1460689978546,"width":1024}