{"blur_score":564.3211059570313,"cx":513.7892456054688,"cy":358.7400207519531,"fx":776.5217321228498,"fy":776.5217321228498,"height":768,"manual_keyframe":true,"neighbors":[1460696298365,1460696064916,1460696865321,1460697132116,1460695748094,1460683942192,1460683642043,1460697415592,1460697665716,1460682758270],"t_00":0.496060848236084,"t_01":0.23189356923103333,"t_02":-0.8367490768432617,"t_03":-1.9311940670013428,"t_10":0.09494243562221527,"t_11":0.9434126019477844,"t_12":0.317739874124527,"t_13":-0.27745771408081055,"t_20":0.8630814552307129,"t_21":-0.2370613068342209,"t_22":0.4459735155105591,"t_23":0.16297222673892975,"timestamp":1460696565168,"width":1024}