{"blur_score":429.2515563964844,"cx":513.9601440429688,"cy":358.7846984863281,"fx":777.2910180396311,"fy":777.2910180396311,"height":768,"manual_keyframe":true,"neighbors":[1460699066416,1460698499462,1460699366563,1460698182637,1460685476292,1460685793118,1460686159967,1460700183635,1460697915841,1460685042741],"t_00":-0.6367535591125488,"t_01":0.28807029128074646,"t_02":-0.7152345180511475,"t_03":-1.961708664894104,"t_10":0.07784748077392578,"t_11":0.9468681812286377,"t_12":0.31205835938453674,"t_13":-0.14942161738872528,"t_20":0.7671275734901428,"t_21":0.14302507042884827,"t_22":-0.6253471970558167,"t_23":-1.152183175086975,"timestamp":1460698816293,"width":1024}