{"blur_score":317.78753662109375,"cx":512.9557495117188,"cy":358.6413269042969,"fx":776.2976036884612,"fy":776.2976036884612,"height":768,"manual_keyframe":true,"neighbors":[1460696064916,1460696298365,1460695247842,1460695414595,1460696565168,1460682758270,1460682474795,1460683075094,1460683341894,1460694964369],"t_00":0.7521306276321411,"t_01":0.1620015650987625,"t_02":-0.6387918591499329,"t_03":-1.659938097000122,"t_10":0.04524450749158859,"t_11":0.9543336033821106,"t_12":0.2952969968318939,"t_13":-0.26818880438804626,"t_20":0.6574590802192688,"t_21":-0.2510037422180176,"t_22":0.7104538679122925,"t_23":0.49843063950538635,"timestamp":1460695748094,"width":1024}