{"blur_score":637.4693603515625,"cx":514.5734252929688,"cy":359.0506591796875,"fx":776.7457995367009,"fy":776.7457995367009,"height":768,"manual_keyframe":true,"neighbors":[1460703635347,1460691345896,1460692079595,1460703918819,1460703418572,1460692379745,1460679206486,1460704369041,1460678923009,1460691129121],"t_00":0.26716309785842896,"t_01":-0.395308256149292,"t_02":0.8788374662399292,"t_03":-0.023686449974775314,"t_10":0.10033055394887924,"t_11":0.9184410572052002,"t_12":0.38262221217155457,"t_13":-0.21171052753925323,"t_20":-0.9584141373634338,"t_21":-0.014048282988369465,"t_22":0.28503504395484924,"t_23":0.011543802917003632,"timestamp":1460704102253,"width":1024}