{"blur_score":319.3858337402344,"cx":513.7581176757813,"cy":359.33502197265625,"fx":777.2744204534199,"fy":777.2744204534199,"height":768,"manual_keyframe":true,"neighbors":[1460703135099,1460702584824,1460702318027,1460690628870,1460703418572,1460690362070,1460677138767,1460677538967,1460702067904,1460690828970],"t_00":-0.35149291157722473,"t_01":-0.3854396939277649,"t_02":0.8531640768051147,"t_03":-0.17654268443584442,"t_10":0.07347245514392853,"t_11":0.8971466422080994,"t_12":0.43557971715927124,"t_13":-0.11094306409358978,"t_20":-0.9333029985427856,"t_21":0.21578724682331085,"t_22":-0.2870214879512787,"t_23":-0.8301610946655273,"timestamp":1460702801597,"width":1024}