{"blur_score":340.6021423339844,"cx":513.6660766601563,"cy":358.7505187988281,"fx":776.355634219663,"fy":776.355634219663,"height":768,"manual_keyframe":true,"neighbors":[1460681107445,1460681390936,1460694130619,1460693797118,1460680840647,1460693280197,1460681641045,1460694430768,1460694680898,1460681874505],"t_00":0.9796473979949951,"t_01":-0.06879246979951859,"t_02":0.18856976926326752,"t_03":-0.6202046275138855,"t_10":0.02240091562271118,"t_11":0.9710385799407959,"t_12":0.23787027597427368,"t_13":-0.2979472577571869,"t_20":-0.19947220385074615,"t_21":-0.22880487143993378,"t_22":0.9528164267539978,"t_23":0.7966461777687073,"timestamp":1460693546993,"width":1024}